Table 1,,,,,,,,,,,,,,,,,,,,,,,,,,,,,,,,,,
,KIB,LOM,TER,SAN,BOD,FOG,CAP,,,,,,,,,,,,,,,,,,,,,,,,,,,
1,p,p,p,p,p,p,p,,,,,,,,,,,,,,,,,,,,,,,,,,,
2,g,p,p,p,p,p,p,,,,,,,,,,,first pos G,,,,,,,,,second pos G,,,,,,,
3,p,g,p,a,g,p,p,,,FOG,CAP,KIB,BOD,TER,LOM,SAN,,,FOG,CAP,KIB,BOD,TER,LOM,SAN,,,FOG,CAP,KIB,BOD,TER,LOM,SAN
4,p,p,p,p,g,p,p,,Ala,1,11,6,4,7,6,6,GC,,6,13,13,16,20,16,10,,,5,2,7,12,13,10,4
5,p,g,g,p,g,p,p,,Gly,5,2,7,12,13,10,4,GG,,,,,,,,,,,,,,,,,
6,p,p,p,g,g,p,p,,Pro,32,25,25,22,20,22,26,CC,,,,,,,,,,,,,,,,,
7,p,a,p,a,p,g,a,,,38,38,38,38,40,38,36,,,,,,,,,,,,,,,,,,
8,g,a,p,a,g,p,a,,,,,,,,,,,,,,,,,,,,,,,,,,,
9,p,a,p,p,p,g,a,,,,,,,,,,,,,,,,,,,,,,,,,,,
10,p,g,p,p,g,p,a,,,,,,,,,,,,,,,,,,,,,,,,,,,
11,p,g,g,p,g,p,p,,,,,,,,,,,,,,,,,,,,,,,,,,,
12,a,p,g,a,g,p,g,,,,,,,,,,,,,,,,,,,,,,,,,,,
13,g,p,g,p,p,p,p,,,,,,,,,,,,,,,,,,,,,,,,,,,
14,a,a,a,p,p,g,p,,,,,,,,,,,,,,,,,,,,,,,,,,,
15,p,g,g,p,p,p,a,,,,,,,,,,,,,,,,,,,,,,,,,,,
16,a,p,p,g,p,p,p,,,,,,,,,,,,,,,,,,,,,,,,,,,
17,g,g,p,p,p,p,a,,,,,,,,,,,,,,,,,,,,,,,,,,,
18,g,g,p,p,p,p,a,,,,,,,,,,,,,,,,,,,,,,,,,,,
19,p,g,g,p,p,p,a,,,,,,,,,,,,,,,,,,,,,,,,,,,
20,p,g,a,p,p,p,p,,,,,,,,,,,,,,,,,,,,,,,,,,,
21,p,p,a,p,p,p,a,,,,,,,,,,,,,,,,,,,,,,,,,,,
22,p,p,p,p,p,p,a,,,,,,,,,,,,,,,,,,,,,,,,,,,
23,p,p,a,a,a,p,p,,,,,,,,,,,,,,,,,,,,,,,,,,,
24,a,g,g,p,a,p,p,,,,,,,,,,,,,,,,,,,,,,,,,,,
25,p,p,p,g,p,p,p,,,,,,,,,,,,,,,,,,,,,,,,,,,
26,p,p,a,p,g,p,p,,,,,,,,,,,,,,,,,,,,,,,,,,,
27,g,a,p,p,p,p,p,,,,,,,,,,,,,,,,,,,,,,,,,,,
28,a,p,a,p,g,p,p,,,,,,,,,,,,,,,,,,,,,,,,,,,
29,p,p,g,p,a,a,p,,,,,,,,,,,,,,,,,,,,,,,,,,,
30,p,p,p,p,g,g,p,,,,,,,,,,,,,,,,,,,,,,,,,,,
31,a,a,p,p,g,p,p,,,,,,,,,,,,,,,,,,,,,,,,,,,
32,p,p,a,p,p,p,p,,,,,,,,,,,,,,,,,,,,,,,,,,,
33,g,p,g,p,p,p,p,,,,,,,,,,,,,,,,,,,,,,,,,,,
34,p,p,p,p,p,p,p,,,,,,,,,,,,,,,,,,,,,,,,,,,
35,p,p,g,g,p,p,g,,,,,,,,,,,,,,,,,,,,,,,,,,,
36,p,p,g,a,p,p,a,,,,,,,,,,,,,,,,,,,,,,,,,,,
37,p,p,g,-,a,g,p,,,,,,,,,,,,,,,,,,,,,,,,,,,
38,p,p,g,-,p,p,p,,,,,,,,,,,,,,,,,,,,,,,,,,,
39,-,-,p,-,-,-,-,,,,,,,,,,,,,,,,,,,,,,,,,,,
40,-,-,p,-,-,-,-,,,,,,,,,,,,,,,,,,,,,,,,,,,
41,,,,,,,,,,,,,,,,,,,,,,,,,,,,,,,,,,
42,,,,,,,,,,,,,,,,,,,,,,,,,,,,,,,,,,
43,,,,,,,,,,,,,,,,,,,,,,,,,,,,,,,,,,
44,,,,,,,,,,,,,,,,,,,,,,,,,,,,,,,,,,
45,,,,,,,,,,,,,,,,,,,,,,,,,,,,,,,,,,
46,,,,,,,,,,,,,,,,,,,,,,,,,,,,,,,,,,
47,,,,,,,,,,,,,,,,,,,,,,,,,,,,,,,,,,
48,,,,,,,,,,,,,,,,,,,,,,,,,,,,,,,,,,
49,,,,,,,,,,,,,,,,,,,,,,,,,,,,,,,,,,
50,,,,,,,,,,,,,,,,,,,,,,,,,,,,,,,,,,
51,,,,,,,,,,,,,,,,,,,,,,,,,,,,,,,,,,
52,,,,,,,,,,,,,,,,,,,,,,,,,,,,,,,,,,
53,,,,,,,,,,,,,,,,,,,,,,,,,,,,,,,,,,
54,,,,,,,,,,,,,,,,,,,,,,,,,,,,,,,,,,
55,,,,,,,,,,,,,,,,,,,,,,,,,,,,,,,,,,
56,,,,,,,,,,,,,,,,,,,,,,,,,,,,,,,,,,
57,,,,,,,,,,,,,,,,,,,,,,,,,,,,,,,,,,
58,,,,,,,,,,,,,,,,,,,,,,,,,,,,,,,,,,
59,,,,,,,,,,,,,,,,,,,,,,,,,,,,,,,,,,
60,,,,,,,,,,,,,,,,,,,,,,,,,,,,,,,,,,
61,,,,,,,,,,,,,,,,,,,,,,,,,,,,,,,,,,